Workbook

Sheet หน้าปก
A1: แบบประเมินมาตรฐานงานการเงินโรงเรียน (สพฐ.)
A3: เลขที่เอกสาร | B3: OBEC-FIN-CHK-001
A4: เวอร์ชันแบบฟอร์ม | B4: v1.0
A5: หน่วยงานต้นสังกัด | B5: สำนักงานคณะกรรมการการศึกษาขั้นพื้นฐาน (สพฐ.)
A6: ชื่อโรงเรียน
A7: รหัสสถานศึกษา (ถ้ามี)
A8: ปีงบประมาณ
A9: ไตรมาส
A10: รอบประเมิน
A11: ผู้ประเมิน
A12: ตำแหน่ง
A13: วันที่ประเมิน
A14: หมายเหตุ
A16: คำแนะนำการใช้งาน
A17: 1) กรอกข้อมูลพื้นฐานในหน้าปกนี้ 2) ไปที่ชีต 'เช็กลิสต์มาตรฐาน' เพื่อให้คะแนน 0-2 3) กรอกแผนแก้ไขในชีต 'แผนแก้ไข (CAP)' 4) ตรวจผลรวมอัตโนมัติในชีต 'รายงานสรุป'

Sheet เช็กลิสต์มาตรฐาน
A1: หมวด | B1: รายการประเมิน | C1: คะแนน (0-2) | D1: น้ำหนัก | E1: คะแนนถ่วงน้ำหนัก | F1: สถานะ | G1: หมายเหตุ
A2: ธรรมาภิบาล | B2: มีคำสั่งมอบหมายงานการเงินเป็นลายลักษณ์อักษร | D2: 1 | E2: =IF(C2="","",C2*D2) | F2: =IF(C2="","",IF(C2=2,"ผ่าน",IF(C2=1,"ต้องปรับปรุง","ไม่ผ่าน")))
A3: ธรรมาภิบาล | B3: แยกหน้าที่ อนุมัติ/รับ/จ่าย/บันทึก ชัดเจน | D3: 1 | E3: =IF(C3="","",C3*D3) | F3: =IF(C3="","",IF(C3=2,"ผ่าน",IF(C3=1,"ต้องปรับปรุง","ไม่ผ่าน")))
A4: งบประมาณ | B4: มีแผนปฏิบัติการประจำปีเชื่อมโยงงบประมาณ | D4: 1 | E4: =IF(C4="","",C4*D4) | F4: =IF(C4="","",IF(C4=2,"ผ่าน",IF(C4=1,"ต้องปรับปรุง","ไม่ผ่าน")))
A5: งบประมาณ | B5: มีทะเบียนคุมงบรายโครงการเป็นปัจจุบัน | D5: 1 | E5: =IF(C5="","",C5*D5) | F5: =IF(C5="","",IF(C5=2,"ผ่าน",IF(C5=1,"ต้องปรับปรุง","ไม่ผ่าน")))
A6: งบประมาณ | B6: ตรวจสอบงบคงเหลือก่อนอนุมัติทุกครั้ง | D6: 1 | E6: =IF(C6="","",C6*D6) | F6: =IF(C6="","",IF(C6=2,"ผ่าน",IF(C6=1,"ต้องปรับปรุง","ไม่ผ่าน")))
A7: รับเงิน | B7: ออกเลขที่ใบเสร็จต่อเนื่อง ตรวจสอบย้อนหลังได้ | D7: 1 | E7: =IF(C7="","",C7*D7) | F7: =IF(C7="","",IF(C7=2,"ผ่าน",IF(C7=1,"ต้องปรับปรุง","ไม่ผ่าน")))
A8: รับเงิน | B8: นำฝากเงินเข้าบัญชีภายในเวลาที่กำหนด | D8: 1 | E8: =IF(C8="","",C8*D8) | F8: =IF(C8="","",IF(C8=2,"ผ่าน",IF(C8=1,"ต้องปรับปรุง","ไม่ผ่าน")))
A9: รับเงิน | B9: กระทบยอดรายรับกับบัญชีธนาคารสม่ำเสมอ | D9: 1 | E9: =IF(C9="","",C9*D9) | F9: =IF(C9="","",IF(C9=2,"ผ่าน",IF(C9=1,"ต้องปรับปรุง","ไม่ผ่าน")))
A10: เบิกจ่าย | B10: เอกสารเบิกจ่ายครบก่อนอนุมัติจ่าย | D10: 1 | E10: =IF(C10="","",C10*D10) | F10: =IF(C10="","",IF(C10=2,"ผ่าน",IF(C10=1,"ต้องปรับปรุง","ไม่ผ่าน")))
A11: เบิกจ่าย | B11: จ่ายตรงตามวัตถุประสงค์และไม่เกินวงเงิน | D11: 1 | E11: =IF(C11="","",C11*D11) | F11: =IF(C11="","",IF(C11=2,"ผ่าน",IF(C11=1,"ต้องปรับปรุง","ไม่ผ่าน")))
A12: พัสดุ | B12: วิธีจัดซื้อจัดจ้างถูกต้องตามวงเงิน | D12: 1 | E12: =IF(C12="","",C12*D12) | F12: =IF(C12="","",IF(C12=2,"ผ่าน",IF(C12=1,"ต้องปรับปรุง","ไม่ผ่าน")))
A13: พัสดุ | B13: มีใบตรวจรับก่อนเบิกจ่ายทุกครั้ง | D13: 1 | E13: =IF(C13="","",C13*D13) | F13: =IF(C13="","",IF(C13=2,"ผ่าน",IF(C13=1,"ต้องปรับปรุง","ไม่ผ่าน")))
... A21: ดิจิทัล | B21: มี audit trail และแผนสำรองข้อมูล | D21: 1 | E21: =IF(C21="","",C21*D21) | F21: =IF(C21="","",IF(C21=2,"ผ่าน",IF(C21=1,"ต้องปรับปรุง","ไม่ผ่าน")))
A23: สรุปคะแนน | B23: คะแนนรวม | E23: =SUM(E2:E21)
B24: คะแนนเต็ม | E24: =SUM(D2:D21)*2
B25: ร้อยละ | E25: =IF(E24=0,"",E23/E24)
B26: ระดับผลประเมิน | E26: =IF(E25="","",IF(E25>=0.8,"ดีมาก",IF(E25>=0.6,"พอใช้","เสี่ยงสูง")))

Sheet แผนแก้ไข (CAP)
A1: ลำดับ | B1: ประเด็นที่ไม่ผ่าน/ต้องปรับปรุง | C1: สาเหตุราก (Root Cause) | D1: แผนแก้ไข | E1: ผู้รับผิดชอบ | F1: วันเริ่ม | G1: กำหนดเสร็จ | H1: หลักฐานที่ต้องมี | I1: % ความคืบหน้า | J1: สถานะ | K1: หมายเหตุ
A2: 1 | J2: ยังไม่เริ่ม
A3: 2 | J3: ยังไม่เริ่ม
A4: 3 | J4: ยังไม่เริ่ม
A5: 4 | J5: ยังไม่เริ่ม
A6: 5 | J6: ยังไม่เริ่ม
A7: 6 | J7: ยังไม่เริ่ม
A8: 7 | J8: ยังไม่เริ่ม
A9: 8 | J9: ยังไม่เริ่ม
A10: 9 | J10: ยังไม่เริ่ม
A11: 10 | J11: ยังไม่เริ่ม
A13: สรุป | B13: จำนวนรายการ | C13: =COUNTA(A2:A11)
B14: เสร็จแล้ว | C14: =COUNTIF(J2:J11,"เสร็จ")
B15: อัตราเสร็จสิ้น | C15: =IF(C13=0,"",C14/C13)

Sheet รายงานสรุป
A1: หัวข้อ | B1: ค่า
A2: ชื่อโรงเรียน | B2: ='หน้าปก'!B6
A3: สังกัด | B3: สพฐ.
A4: รอบประเมิน | B4: ='หน้าปก'!B10
A5: ผู้ประเมิน | B5: ='หน้าปก'!B11
A6: ปีงบประมาณ | B6: ='หน้าปก'!B8
A7: ไตรมาส | B7: ='หน้าปก'!B9
A8: คะแนนรวม | B8: ='เช็กลิสต์มาตรฐาน'!E23
A9: คะแนนเต็ม | B9: ='เช็กลิสต์มาตรฐาน'!E24
A10: ร้อยละ | B10: ='เช็กลิสต์มาตรฐาน'!E25
A11: ระดับผลประเมิน | B11: ='เช็กลิสต์มาตรฐาน'!E26
A12: ความคืบหน้า CAP | B12: ='แผนแก้ไข (CAP)'!C15
A13: จุดแข็ง 1
A14: จุดแข็ง 2
A15: จุดแข็ง 3
A16: จุดที่ต้องแก้ 1
A17: จุดที่ต้องแก้ 2
A18: จุดที่ต้องแก้ 3
A19: แผนเร่งด่วน สัปดาห์ 1-2
A20: แผนเร่งด่วน สัปดาห์ 3-4
A21: แผนเร่งด่วน เดือนที่ 2
A22: ความเสี่ยงหากไม่แก้ไข
A23: คำสั่งผู้อำนวยการ
A24: วันที่อนุมัติ
... A29: ลงนาม
A30: ผู้จัดทำ | B30: ....................................................
A31: วันที่
A33: ผู้ตรวจทาน | B33: ....................................................
A34: วันที่
A36: ผู้อำนวยการโรงเรียน | B36: ....................................................
A37: วันที่
A39: ความเห็นผู้ตรวจสอบ/ข้อเสนอแนะ

Sheet Dashboard
A1: Dashboard สรุปความพร้อมการเงินโรงเรียน
A3: ชื่อโรงเรียน | B3: ='หน้าปก'!B6
A4: ปีงบประมาณ | B4: ='หน้าปก'!B8
A5: ไตรมาส | B5: ='หน้าปก'!B9
A7: ตัวชี้วัดหลัก
A8: ร้อยละผลประเมินเช็กลิสต์ | B8: ='เช็กลิสต์มาตรฐาน'!E25
A9: ระดับผลประเมิน | B9: ='เช็กลิสต์มาตรฐาน'!E26
A10: ความคืบหน้า CAP | B10: ='แผนแก้ไข (CAP)'!C15
A11: รายการ CAP ทั้งหมด | B11: ='แผนแก้ไข (CAP)'!C13
A12: รายการ CAP ที่เสร็จ | B12: ='แผนแก้ไข (CAP)'!C14
A14: สรุปสถานะรวม | B14: =IF(B8>=0.8,IF(B10>=0.8,"พร้อมรับการตรวจ","ต้องเร่งติดตาม CAP"),IF(B8>=0.6,"พอใช้ ควรเร่งปรับปรุง","เสี่ยงสูง ต้องแก้ไขด่วน"))
